epoch,steps,cosine-Accuracy@1,cosine-Accuracy@3,cosine-Accuracy@5,cosine-Accuracy@10,cosine-Precision@1,cosine-Recall@1,cosine-Precision@3,cosine-Recall@3,cosine-Precision@5,cosine-Recall@5,cosine-Precision@10,cosine-Recall@10,cosine-MRR@10,cosine-NDCG@10,cosine-MAP@100
2.564102564102564,200,0.7391304347826086,0.9710144927536232,0.9855072463768116,0.9855072463768116,0.7391304347826086,0.7391304347826086,0.32367149758454095,0.9710144927536232,0.19710144927536224,0.9855072463768116,0.09855072463768112,0.9855072463768116,0.8507246376811595,0.8853469507777317,0.8520421607378129
5.128205128205128,400,0.855072463768116,0.9855072463768116,0.9855072463768116,0.9855072463768116,0.855072463768116,0.855072463768116,0.3285024154589371,0.9855072463768116,0.19710144927536224,0.9855072463768116,0.09855072463768112,0.9855072463768116,0.9178743961352658,0.935470116356111,0.9189095928226363
7.6923076923076925,600,0.9130434782608695,0.9710144927536232,0.9855072463768116,0.9855072463768116,0.9130434782608695,0.9130434782608695,0.323671497584541,0.9710144927536232,0.19710144927536224,0.9855072463768116,0.09855072463768112,0.9855072463768116,0.9456521739130435,0.9558608053965104,0.946969696969697
